id,first_name,email,gender,address
1,Jade Govan,jgovan0@rediff.com,Female,Kuching
2,Angelique Godding,agodding1@51.la,Female,Genengan Kulon
3,Constantin Dupree,cdupree2@about.com,Male,Giade
4,Cris Clunan,cclunan3@epa.gov,Male,Baoshan
5,Dianna Arrighini,darrighini4@msu.edu,Female,Valbo
6,Denni Malt,dmalt5@timesonline.co.uk,Female,Zavoronezhskoye
7,Fonz Whitehead,fwhitehead6@kickstarter.com,Male,Lagos da Beira
8,Audrye Carrick,acarrick7@fc2.com,Female,Jietou
9,Kriste Meader,kmeader8@sakura.ne.jp,Bigender,Aleksotas
10,Robenia Juanico,rjuanico9@weebly.com,Genderfluid,Ar Rawnah
11,Angelo Koppen,akoppena@icio.us,Male,Saryaghash
12,Debbie Crispe,dcrispeb@adobe.com,Female,Anju
13,Almire MacCostigan,amaccostiganc@dailymail.co.uk,Female,Ajoyani
14,Marney Jasiak,mjasiakd@devhub.com,Female,Montbéliard
15,Aidan Wasling,awaslinge@live.com,Female,Santa Cruz De Tenerife
16,Sula Dripps,sdrippsf@state.tx.us,Female,Bandar-e ‘Asalūyeh
17,Jaynell Barkas,jbarkasg@istockphoto.com,Female,Twante
18,Misti Heaseman,mheasemanh@mac.com,Female,Obrera
19,Clerissa Crudginton,ccrudgintoni@ovh.net,Female,Conchucos
20,Cathee Lambshine,clambshinej@tamu.edu,Female,Si’en
21,Trev Vinecombe,tvinecombek@ucoz.ru,Male,Mbouda
22,Ewell Roscrigg,eroscriggl@marketwatch.com,Male,Al Miftāḩ
23,Susan Noonan,snoonanm@bluehost.com,Bigender,Lubango
24,Naoma Stilgoe,nstilgoen@blogs.com,Female,Azun Atme
25,Tedda Skehens,tskehenso@prnewswire.com,Female,Pindorama
26,Pablo Clink,pclinkp@dailymail.co.uk,Male,Dubu
27,Claybourne Clench,cclenchq@domainmarket.com,Male,Wolofeo
28,Mikel Shawl,mshawlr@ow.ly,Male,Rattanaburi
29,Diana Daniello,ddaniellos@netscape.com,Agender,Messina
30,Harp Gilbanks,hgilbankst@prweb.com,Male,Qiling
31,Muffin Aves,mavesu@boston.com,Genderqueer,Saint-Denis
32,Rosene Nettle,rnettlev@bluehost.com,Female,Diriomo
33,Erena Spraberry,espraberryw@mediafire.com,Bigender,Tomaszów Lubelski
34,Burnard Atkinson,batkinsonx@adobe.com,Male,Thị Trấn Phù Yên
35,Archaimbaud L' Estrange,aly@craigslist.org,Male,Chao
36,Ford Chancelier,fchancelierz@dailymotion.com,Male,Baoxing
37,Marys Waple,mwaple10@behance.net,Female,La Dorada
38,Mortimer Hupka,mhupka11@cargocollective.com,Male,Orahovica
39,Lemmie Phorsby,lphorsby12@google.ca,Male,Zarzis
40,Tulley Bragginton,tbragginton13@java.com,Genderfluid,Yongledian
41,Everard Caddell,ecaddell14@rediff.com,Male,Bells Corners
42,Horatio Rikel,hrikel15@homestead.com,Male,Sovetskoye
43,Renae Karpenya,rkarpenya16@scientificamerican.com,Female,Vrané nad Vltavou
44,Nikolia Burdge,nburdge17@bloomberg.com,Female,Tangerang
45,Ellswerth Alebrooke,ealebrooke18@clickbank.net,Male,Jalaud
46,Trumaine Bate,tbate19@hao123.com,Male,Buckland
47,Opaline Scimonelli,oscimonelli1a@microsoft.com,Female,Union
48,Pacorro Delea,pdelea1b@clickbank.net,Male,Zhangwan
49,Timi Markson,tmarkson1c@npr.org,Female,Ashton
50,Teodoro Docket,tdocket1d@fema.gov,Male,Purwosari
51,Mateo Barlass,mbarlass1e@bigcartel.com,Male,Łopuszno
52,Amerigo Prayer,aprayer1f@ucsd.edu,Male,Ambunti
53,Jacky Canet,jcanet1g@loc.gov,Female,Sanyang
54,Lebbie De Ambrosis,lde1h@so-net.ne.jp,Female,Pahārpur
55,Rebecca Tuplin,rtuplin1i@mapquest.com,Female,Ḩammām Wāşil
56,Adi Bezarra,abezarra1j@so-net.ne.jp,Female,Linköping
57,Allsun Bromhead,abromhead1k@histats.com,Female,Antas
58,Courtnay Jesty,cjesty1l@vistaprint.com,Female,Koreiz
59,Zachariah Mulhall,zmulhall1m@infoseek.co.jp,Male,Yicheng
60,Merrill Gamblin,mgamblin1n@google.ru,Male,Al Munīrah
61,Daveta D'Alessio,ddalessio1o@cdbaby.com,Female,Gorzyce
62,Malinda Roth,mroth1p@ca.gov,Female,Hucheng
63,Nickolas Howatt,nhowatt1q@cisco.com,Male,Bobowa
64,Lezley Moylan,lmoylan1r@mozilla.com,Male,El Marañón
65,Druci Lawling,dlawling1s@whitehouse.gov,Female,Pruszków
66,Denis Westwick,dwestwick1t@ask.com,Male,Taiping
67,Cristian Dwight,cdwight1u@indiegogo.com,Male,Yuanling
68,Trisha Kerbler,tkerbler1v@princeton.edu,Female,Al Manşūrah
69,Karina Dimberline,kdimberline1w@mozilla.org,Female,Chichibu
70,Alphard Henniger,ahenniger1x@msu.edu,Male,Xiaolongmen
71,Nikaniki Mcmanaman,nmcmanaman1y@bizjournals.com,Female,Chornobay
72,Ellwood Tibbetts,etibbetts1z@microsoft.com,Male,Ciudad Darío
73,Eal Laurenz,elaurenz20@bloglovin.com,Male,Iecava
74,Louise Spancock,lspancock21@twitpic.com,Female,Sikeshu
75,Morrie Matuschek,mmatuschek22@google.com.br,Male,Zhvanets
76,Iago Rosson,irosson23@privacy.gov.au,Male,Taivalkoski
77,Moises Oakeshott,moakeshott24@yandex.ru,Male,Penisihan
78,Neils Mollene,nmollene25@pcworld.com,Male,Brataj
79,Wait Garbar,wgarbar26@vinaora.com,Male,Estância Velha
80,Rosalyn Greenstreet,rgreenstreet27@shop-pro.jp,Female,Santa Cruz da Graciosa
81,Harmony Croose,hcroose28@webs.com,Female,Qala i Naw
82,Jennie Langfield,jlangfield29@cocolog-nifty.com,Female,Chaplygin
83,Lisette Rentoll,lrentoll2a@histats.com,Female,Thị Trấn Yên Phú
84,Redd Scogings,rscogings2b@zdnet.com,Male,Santai
85,Adriena Tresise,atresise2c@blogs.com,Female,Shanggan
86,Shurlock Brandham,sbrandham2d@angelfire.com,Male,Blinsung
87,Elden Dionisetto,edionisetto2e@w3.org,Male,Gongqiao
88,Noellyn Winton,nwinton2f@ovh.net,Female,Timiryazevskoye
89,Lulita Burnsyde,lburnsyde2g@squidoo.com,Female,Montauban
90,Celestyna Dudny,cdudny2h@bing.com,Female,Fort Erie
91,Isadore Ben-Aharon,ibenaharon2i@wufoo.com,Male,Praia do Ribatejo
92,Steve Gaule,sgaule2j@jiathis.com,Male,Gālīkesh
93,Stoddard Hornbuckle,shornbuckle2k@craigslist.org,Female,Ancol
94,Mattie Boules,mboules2l@ihg.com,Female,Biguaçu
95,Langsdon Hedgeley,lhedgeley2m@meetup.com,Male,Một Ngàn
96,Sherlock Tookill,stookill2n@hubpages.com,Male,Vernon
97,Aviva Illsley,aillsley2o@oracle.com,Female,Banī Mazār
98,Oates Wedmore,owedmore2p@seattletimes.com,Male,Yuntan
99,Helena Fosh,hfosh2q@bravesites.com,Female,Pepayan
100,Bernarr White,bwhite2r@infoseek.co.jp,Male,Haokou
